<?xml version="1.0"?>
<doc>
    <assembly>
        <name>SimpleCrypto.Fakes</name>
    </assembly>
    <members>
        <member name="T:SimpleCrypto.Fakes.ShimPBKDF2">
            <summary>Tipo de correcciones de compatibilidad (shim) de SimpleCrypto.PBKDF2</summary>
        </member>
        <member name="M:SimpleCrypto.Fakes.ShimPBKDF2.#ctor">
            <summary>Inicializa una nueva instancia de correcciones de compatibilidad (shim)</summary>
        </member>
        <member name="M:SimpleCrypto.Fakes.ShimPBKDF2.#ctor(SimpleCrypto.PBKDF2)">
            <summary>Inicializa nuevas correcciones de compatibilidad (shim) para la instancia especificada</summary>
        </member>
        <member name="T:SimpleCrypto.Fakes.ShimPBKDF2.AllInstances">
            <summary>Definir correcciones de compatibilidad (shim) para todos los miembros de instancia</summary>
        </member>
        <member name="P:SimpleCrypto.Fakes.ShimPBKDF2.AllInstances.CompareStringString">
            <summary>Establecer el shim de PBKDF2.Compare(String passwordHash1, String passwordHash2)</summary>
        </member>
        <member name="P:SimpleCrypto.Fakes.ShimPBKDF2.AllInstances.Compute">
            <summary>Establecer el shim de PBKDF2.Compute()</summary>
        </member>
        <member name="P:SimpleCrypto.Fakes.ShimPBKDF2.AllInstances.ComputeString">
            <summary>Establecer el shim de PBKDF2.Compute(String textToHash)</summary>
        </member>
        <member name="P:SimpleCrypto.Fakes.ShimPBKDF2.AllInstances.ComputeStringInt32Int32">
            <summary>Establecer el shim de PBKDF2.Compute(String textToHash, Int32 saltSize, Int32 hashIterations)</summary>
        </member>
        <member name="P:SimpleCrypto.Fakes.ShimPBKDF2.AllInstances.ComputeStringString">
            <summary>Establecer el shim de PBKDF2.Compute(String textToHash, String salt)</summary>
        </member>
        <member name="P:SimpleCrypto.Fakes.ShimPBKDF2.AllInstances.GenerateSalt">
            <summary>Establecer el shim de PBKDF2.GenerateSalt()</summary>
        </member>
        <member name="P:SimpleCrypto.Fakes.ShimPBKDF2.AllInstances.GenerateSaltInt32Int32">
            <summary>Establecer el shim de PBKDF2.GenerateSalt(Int32 hashIterations, Int32 saltSize)</summary>
        </member>
        <member name="P:SimpleCrypto.Fakes.ShimPBKDF2.AllInstances.GetElapsedTimeForIterationInt32">
            <summary>Establecer el shim de PBKDF2.GetElapsedTimeForIteration(Int32 iteration)</summary>
        </member>
        <member name="P:SimpleCrypto.Fakes.ShimPBKDF2.AllInstances.HashIterationsGet">
            <summary>Establecer el shim de PBKDF2.get_HashIterations()</summary>
        </member>
        <member name="P:SimpleCrypto.Fakes.ShimPBKDF2.AllInstances.HashIterationsSetInt32">
            <summary>Establecer el shim de PBKDF2.set_HashIterations(Int32 value)</summary>
        </member>
        <member name="P:SimpleCrypto.Fakes.ShimPBKDF2.AllInstances.HashedTextGet">
            <summary>Establecer el shim de PBKDF2.get_HashedText()</summary>
        </member>
        <member name="P:SimpleCrypto.Fakes.ShimPBKDF2.AllInstances.HashedTextSetString">
            <summary>Establecer el shim de PBKDF2.set_HashedText(String value)</summary>
        </member>
        <member name="P:SimpleCrypto.Fakes.ShimPBKDF2.AllInstances.PlainTextGet">
            <summary>Establecer el shim de PBKDF2.get_PlainText()</summary>
        </member>
        <member name="P:SimpleCrypto.Fakes.ShimPBKDF2.AllInstances.PlainTextSetString">
            <summary>Establecer el shim de PBKDF2.set_PlainText(String value)</summary>
        </member>
        <member name="P:SimpleCrypto.Fakes.ShimPBKDF2.AllInstances.SaltGet">
            <summary>Establecer el shim de PBKDF2.get_Salt()</summary>
        </member>
        <member name="P:SimpleCrypto.Fakes.ShimPBKDF2.AllInstances.SaltSetString">
            <summary>Establecer el shim de PBKDF2.set_Salt(String value)</summary>
        </member>
        <member name="P:SimpleCrypto.Fakes.ShimPBKDF2.AllInstances.SaltSizeGet">
            <summary>Establecer el shim de PBKDF2.get_SaltSize()</summary>
        </member>
        <member name="P:SimpleCrypto.Fakes.ShimPBKDF2.AllInstances.SaltSizeSetInt32">
            <summary>Establecer el shim de PBKDF2.set_SaltSize(Int32 value)</summary>
        </member>
        <member name="P:SimpleCrypto.Fakes.ShimPBKDF2.AllInstances.calculateHashInt32">
            <summary>Establecer el shim de PBKDF2.calculateHash(Int32 iteration)</summary>
        </member>
        <member name="P:SimpleCrypto.Fakes.ShimPBKDF2.AllInstances.expandSalt">
            <summary>Establecer el shim de PBKDF2.expandSalt()</summary>
        </member>
        <member name="M:SimpleCrypto.Fakes.ShimPBKDF2.BehaveAsCurrent">
            <summary>Asigna el comportamiento &apos;Current&apos; a todos los métodos del tipo corregido para compatibilidad</summary>
        </member>
        <member name="M:SimpleCrypto.Fakes.ShimPBKDF2.BehaveAsNotImplemented">
            <summary>Asigna el comportamiento &apos;NotImplemented&apos; a todos los métodos del tipo corregido para compatibilidad</summary>
        </member>
        <member name="P:SimpleCrypto.Fakes.ShimPBKDF2.Behavior">
            <summary>Asigna el comportamiento a todos los métodos del tipo corregido para compatibilidad</summary>
        </member>
        <member name="M:SimpleCrypto.Fakes.ShimPBKDF2.Bind(SimpleCrypto.ICryptoService)">
            <summary>Asocia los miembros de la interfaz a las correcciones de compatibilidad (shim).</summary>
        </member>
        <member name="P:SimpleCrypto.Fakes.ShimPBKDF2.CompareStringString">
            <summary>Establecer el shim de PBKDF2.Compare(String passwordHash1, String passwordHash2)</summary>
        </member>
        <member name="P:SimpleCrypto.Fakes.ShimPBKDF2.Compute">
            <summary>Establecer el shim de PBKDF2.Compute()</summary>
        </member>
        <member name="P:SimpleCrypto.Fakes.ShimPBKDF2.ComputeString">
            <summary>Establecer el shim de PBKDF2.Compute(String textToHash)</summary>
        </member>
        <member name="P:SimpleCrypto.Fakes.ShimPBKDF2.ComputeStringInt32Int32">
            <summary>Establecer el shim de PBKDF2.Compute(String textToHash, Int32 saltSize, Int32 hashIterations)</summary>
        </member>
        <member name="P:SimpleCrypto.Fakes.ShimPBKDF2.ComputeStringString">
            <summary>Establecer el shim de PBKDF2.Compute(String textToHash, String salt)</summary>
        </member>
        <member name="P:SimpleCrypto.Fakes.ShimPBKDF2.Constructor">
            <summary>Establecer el shim de PBKDF2.PBKDF2()</summary>
        </member>
        <member name="P:SimpleCrypto.Fakes.ShimPBKDF2.GenerateSalt">
            <summary>Establecer el shim de PBKDF2.GenerateSalt()</summary>
        </member>
        <member name="P:SimpleCrypto.Fakes.ShimPBKDF2.GenerateSaltInt32Int32">
            <summary>Establecer el shim de PBKDF2.GenerateSalt(Int32 hashIterations, Int32 saltSize)</summary>
        </member>
        <member name="P:SimpleCrypto.Fakes.ShimPBKDF2.GetElapsedTimeForIterationInt32">
            <summary>Establecer el shim de PBKDF2.GetElapsedTimeForIteration(Int32 iteration)</summary>
        </member>
        <member name="P:SimpleCrypto.Fakes.ShimPBKDF2.HashIterationsGet">
            <summary>Establecer el shim de PBKDF2.get_HashIterations()</summary>
        </member>
        <member name="P:SimpleCrypto.Fakes.ShimPBKDF2.HashIterationsSetInt32">
            <summary>Establecer el shim de PBKDF2.set_HashIterations(Int32 value)</summary>
        </member>
        <member name="P:SimpleCrypto.Fakes.ShimPBKDF2.HashedTextGet">
            <summary>Establecer el shim de PBKDF2.get_HashedText()</summary>
        </member>
        <member name="P:SimpleCrypto.Fakes.ShimPBKDF2.HashedTextSetString">
            <summary>Establecer el shim de PBKDF2.set_HashedText(String value)</summary>
        </member>
        <member name="P:SimpleCrypto.Fakes.ShimPBKDF2.PlainTextGet">
            <summary>Establecer el shim de PBKDF2.get_PlainText()</summary>
        </member>
        <member name="P:SimpleCrypto.Fakes.ShimPBKDF2.PlainTextSetString">
            <summary>Establecer el shim de PBKDF2.set_PlainText(String value)</summary>
        </member>
        <member name="P:SimpleCrypto.Fakes.ShimPBKDF2.SaltGet">
            <summary>Establecer el shim de PBKDF2.get_Salt()</summary>
        </member>
        <member name="P:SimpleCrypto.Fakes.ShimPBKDF2.SaltSetString">
            <summary>Establecer el shim de PBKDF2.set_Salt(String value)</summary>
        </member>
        <member name="P:SimpleCrypto.Fakes.ShimPBKDF2.SaltSizeGet">
            <summary>Establecer el shim de PBKDF2.get_SaltSize()</summary>
        </member>
        <member name="P:SimpleCrypto.Fakes.ShimPBKDF2.SaltSizeSetInt32">
            <summary>Establecer el shim de PBKDF2.set_SaltSize(Int32 value)</summary>
        </member>
        <member name="P:SimpleCrypto.Fakes.ShimPBKDF2.calculateHashInt32">
            <summary>Establecer el shim de PBKDF2.calculateHash(Int32 iteration)</summary>
        </member>
        <member name="P:SimpleCrypto.Fakes.ShimPBKDF2.expandSalt">
            <summary>Establecer el shim de PBKDF2.expandSalt()</summary>
        </member>
        <member name="T:SimpleCrypto.Fakes.ShimRandomPassword">
            <summary>Tipo de correcciones de compatibilidad (shim) de SimpleCrypto.RandomPassword</summary>
        </member>
        <member name="M:SimpleCrypto.Fakes.ShimRandomPassword.#ctor">
            <summary>Inicializa una nueva instancia de correcciones de compatibilidad (shim)</summary>
        </member>
        <member name="M:SimpleCrypto.Fakes.ShimRandomPassword.#ctor(SimpleCrypto.RandomPassword)">
            <summary>Inicializa nuevas correcciones de compatibilidad (shim) para la instancia especificada</summary>
        </member>
        <member name="T:SimpleCrypto.Fakes.ShimRandomPassword.AllInstances">
            <summary>Definir correcciones de compatibilidad (shim) para todos los miembros de instancia</summary>
        </member>
        <member name="M:SimpleCrypto.Fakes.ShimRandomPassword.BehaveAsCurrent">
            <summary>Asigna el comportamiento &apos;Current&apos; a todos los métodos del tipo corregido para compatibilidad</summary>
        </member>
        <member name="M:SimpleCrypto.Fakes.ShimRandomPassword.BehaveAsNotImplemented">
            <summary>Asigna el comportamiento &apos;NotImplemented&apos; a todos los métodos del tipo corregido para compatibilidad</summary>
        </member>
        <member name="P:SimpleCrypto.Fakes.ShimRandomPassword.Behavior">
            <summary>Asigna el comportamiento a todos los métodos del tipo corregido para compatibilidad</summary>
        </member>
        <member name="P:SimpleCrypto.Fakes.ShimRandomPassword.Constructor">
            <summary>Establecer el shim de RandomPassword.RandomPassword()</summary>
        </member>
        <member name="P:SimpleCrypto.Fakes.ShimRandomPassword.GenerateInt32Int32PasswordGroupArray">
            <summary>Establecer el shim de RandomPassword.Generate(Int32 minLength, Int32 maxLength, PasswordGroup[] groups)</summary>
        </member>
        <member name="P:SimpleCrypto.Fakes.ShimRandomPassword.GenerateInt32PasswordGroupArray">
            <summary>Establecer el shim de RandomPassword.Generate(Int32 length, PasswordGroup[] groups)</summary>
        </member>
        <member name="P:SimpleCrypto.Fakes.ShimRandomPassword.GeneratePasswordGroupArray">
            <summary>Establecer el shim de RandomPassword.Generate(PasswordGroup[] groups)</summary>
        </member>
        <member name="P:SimpleCrypto.Fakes.ShimRandomPassword.StaticConstructor">
            <summary>Establecer el shim de RandomPassword.RandomPassword()</summary>
        </member>
        <member name="P:SimpleCrypto.Fakes.ShimRandomPassword._Generateb__2KeyValuePairOfPasswordGroupString">
            <summary>Establecer el shim de RandomPassword.&lt;Generate&gt;b__2(KeyValuePair`2&lt;PasswordGroup,String&gt; p)</summary>
        </member>
        <member name="P:SimpleCrypto.Fakes.ShimRandomPassword._Generateb__3KeyValuePairOfPasswordGroupString">
            <summary>Establecer el shim de RandomPassword.&lt;Generate&gt;b__3(KeyValuePair`2&lt;PasswordGroup,String&gt; p)</summary>
        </member>
        <member name="T:SimpleCrypto.Fakes.StubICryptoService">
            <summary>Tipo stub de SimpleCrypto.ICryptoService</summary>
        </member>
        <member name="M:SimpleCrypto.Fakes.StubICryptoService.#ctor">
            <summary>Inicializa una nueva instancia de type StubICryptoService</summary>
        </member>
        <member name="M:SimpleCrypto.Fakes.StubICryptoService.AttachBackingFieldToHashIterations">
            <summary>Asocia delegados para emular StubICryptoService.HashIterations como una propiedad con un campo de respaldo.</summary>
        </member>
        <member name="M:SimpleCrypto.Fakes.StubICryptoService.AttachBackingFieldToPlainText">
            <summary>Asocia delegados para emular StubICryptoService.PlainText como una propiedad con un campo de respaldo.</summary>
        </member>
        <member name="M:SimpleCrypto.Fakes.StubICryptoService.AttachBackingFieldToSalt">
            <summary>Asocia delegados para emular StubICryptoService.Salt como una propiedad con un campo de respaldo.</summary>
        </member>
        <member name="M:SimpleCrypto.Fakes.StubICryptoService.AttachBackingFieldToSaltSize">
            <summary>Asocia delegados para emular StubICryptoService.SaltSize como una propiedad con un campo de respaldo.</summary>
        </member>
        <member name="F:SimpleCrypto.Fakes.StubICryptoService.CompareStringString">
            <summary>Establecer el stub de ICryptoService.Compare(String passwordHash1, String passwordHash2)</summary>
        </member>
        <member name="F:SimpleCrypto.Fakes.StubICryptoService.Compute">
            <summary>Establecer el stub de ICryptoService.Compute()</summary>
        </member>
        <member name="F:SimpleCrypto.Fakes.StubICryptoService.ComputeString">
            <summary>Establecer el stub de ICryptoService.Compute(String textToHash)</summary>
        </member>
        <member name="F:SimpleCrypto.Fakes.StubICryptoService.ComputeStringInt32Int32">
            <summary>Establecer el stub de ICryptoService.Compute(String textToHash, Int32 saltSize, Int32 hashIterations)</summary>
        </member>
        <member name="F:SimpleCrypto.Fakes.StubICryptoService.ComputeStringString">
            <summary>Establecer el stub de ICryptoService.Compute(String textToHash, String salt)</summary>
        </member>
        <member name="F:SimpleCrypto.Fakes.StubICryptoService.GenerateSalt">
            <summary>Establecer el stub de ICryptoService.GenerateSalt()</summary>
        </member>
        <member name="F:SimpleCrypto.Fakes.StubICryptoService.GenerateSaltInt32Int32">
            <summary>Establecer el stub de ICryptoService.GenerateSalt(Int32 hashIterations, Int32 saltSize)</summary>
        </member>
        <member name="F:SimpleCrypto.Fakes.StubICryptoService.GetElapsedTimeForIterationInt32">
            <summary>Establecer el stub de ICryptoService.GetElapsedTimeForIteration(Int32 iteration)</summary>
        </member>
        <member name="P:SimpleCrypto.Fakes.StubICryptoService.SimpleCrypto#ICryptoService#HashIterations">
            <summary>Establecer el stub de ICryptoService.get_HashIterations()</summary>
        </member>
        <member name="F:SimpleCrypto.Fakes.StubICryptoService.HashIterationsGet">
            <summary>Establecer el stub de ICryptoService.get_HashIterations()</summary>
        </member>
        <member name="F:SimpleCrypto.Fakes.StubICryptoService.HashIterationsSetInt32">
            <summary>Establecer el stub de ICryptoService.set_HashIterations(Int32 value)</summary>
        </member>
        <member name="P:SimpleCrypto.Fakes.StubICryptoService.SimpleCrypto#ICryptoService#HashedText">
            <summary>Establecer el stub de ICryptoService.get_HashedText()</summary>
        </member>
        <member name="F:SimpleCrypto.Fakes.StubICryptoService.HashedTextGet">
            <summary>Establecer el stub de ICryptoService.get_HashedText()</summary>
        </member>
        <member name="P:SimpleCrypto.Fakes.StubICryptoService.SimpleCrypto#ICryptoService#PlainText">
            <summary>Establecer el stub de ICryptoService.get_PlainText()</summary>
        </member>
        <member name="F:SimpleCrypto.Fakes.StubICryptoService.PlainTextGet">
            <summary>Establecer el stub de ICryptoService.get_PlainText()</summary>
        </member>
        <member name="F:SimpleCrypto.Fakes.StubICryptoService.PlainTextSetString">
            <summary>Establecer el stub de ICryptoService.set_PlainText(String value)</summary>
        </member>
        <member name="P:SimpleCrypto.Fakes.StubICryptoService.SimpleCrypto#ICryptoService#Salt">
            <summary>Establecer el stub de ICryptoService.get_Salt()</summary>
        </member>
        <member name="F:SimpleCrypto.Fakes.StubICryptoService.SaltGet">
            <summary>Establecer el stub de ICryptoService.get_Salt()</summary>
        </member>
        <member name="F:SimpleCrypto.Fakes.StubICryptoService.SaltSetString">
            <summary>Establecer el stub de ICryptoService.set_Salt(String value)</summary>
        </member>
        <member name="P:SimpleCrypto.Fakes.StubICryptoService.SimpleCrypto#ICryptoService#SaltSize">
            <summary>Establecer el stub de ICryptoService.get_SaltSize()</summary>
        </member>
        <member name="F:SimpleCrypto.Fakes.StubICryptoService.SaltSizeGet">
            <summary>Establecer el stub de ICryptoService.get_SaltSize()</summary>
        </member>
        <member name="F:SimpleCrypto.Fakes.StubICryptoService.SaltSizeSetInt32">
            <summary>Establecer el stub de ICryptoService.set_SaltSize(Int32 value)</summary>
        </member>
        <member name="M:SimpleCrypto.Fakes.StubICryptoService.SimpleCrypto#ICryptoService#Compare(System.String,System.String)">
            <summary>Establecer el stub de ICryptoService.Compare(String passwordHash1, String passwordHash2)</summary>
        </member>
        <member name="M:SimpleCrypto.Fakes.StubICryptoService.SimpleCrypto#ICryptoService#Compute">
            <summary>Establecer el stub de ICryptoService.Compute()</summary>
        </member>
        <member name="M:SimpleCrypto.Fakes.StubICryptoService.SimpleCrypto#ICryptoService#Compute(System.String)">
            <summary>Establecer el stub de ICryptoService.Compute(String textToHash)</summary>
        </member>
        <member name="M:SimpleCrypto.Fakes.StubICryptoService.SimpleCrypto#ICryptoService#Compute(System.String,System.String)">
            <summary>Establecer el stub de ICryptoService.Compute(String textToHash, String salt)</summary>
        </member>
        <member name="M:SimpleCrypto.Fakes.StubICryptoService.SimpleCrypto#ICryptoService#Compute(System.String,System.Int32,System.Int32)">
            <summary>Establecer el stub de ICryptoService.Compute(String textToHash, Int32 saltSize, Int32 hashIterations)</summary>
        </member>
        <member name="M:SimpleCrypto.Fakes.StubICryptoService.SimpleCrypto#ICryptoService#GenerateSalt">
            <summary>Establecer el stub de ICryptoService.GenerateSalt()</summary>
        </member>
        <member name="M:SimpleCrypto.Fakes.StubICryptoService.SimpleCrypto#ICryptoService#GenerateSalt(System.Int32,System.Int32)">
            <summary>Establecer el stub de ICryptoService.GenerateSalt(Int32 hashIterations, Int32 saltSize)</summary>
        </member>
        <member name="M:SimpleCrypto.Fakes.StubICryptoService.SimpleCrypto#ICryptoService#GetElapsedTimeForIteration(System.Int32)">
            <summary>Establecer el stub de ICryptoService.GetElapsedTimeForIteration(Int32 iteration)</summary>
        </member>
        <member name="T:SimpleCrypto.Fakes.StubPBKDF2">
            <summary>Tipo stub de SimpleCrypto.PBKDF2</summary>
        </member>
        <member name="M:SimpleCrypto.Fakes.StubPBKDF2.#ctor">
            <summary>Inicializa una nueva instancia</summary>
        </member>
        <member name="P:SimpleCrypto.Fakes.StubPBKDF2.CallBase">
            <summary>Obtiene o establece un valor que indica si debe llamarse al método base en lugar del comportamiento de reserva</summary>
        </member>
        <member name="M:SimpleCrypto.Fakes.StubPBKDF2.InitializeStub">
            <summary>Inicializa una nueva instancia de type StubPBKDF2</summary>
        </member>
        <member name="P:SimpleCrypto.Fakes.StubPBKDF2.InstanceBehavior">
            <summary>Obtiene o establece el comportamiento de instancia.</summary>
        </member>
        <member name="P:SimpleCrypto.Fakes.StubPBKDF2.InstanceObserver">
            <summary>Obtiene o establece el observador de la instancia.</summary>
        </member>
        <member name="T:SimpleCrypto.Fakes.StubRandomPassword">
            <summary>Tipo stub de SimpleCrypto.RandomPassword</summary>
        </member>
        <member name="M:SimpleCrypto.Fakes.StubRandomPassword.#ctor">
            <summary>Inicializa una nueva instancia</summary>
        </member>
        <member name="P:SimpleCrypto.Fakes.StubRandomPassword.CallBase">
            <summary>Obtiene o establece un valor que indica si debe llamarse al método base en lugar del comportamiento de reserva</summary>
        </member>
        <member name="M:SimpleCrypto.Fakes.StubRandomPassword.InitializeStub">
            <summary>Inicializa una nueva instancia de type StubRandomPassword</summary>
        </member>
        <member name="P:SimpleCrypto.Fakes.StubRandomPassword.InstanceBehavior">
            <summary>Obtiene o establece el comportamiento de instancia.</summary>
        </member>
        <member name="P:SimpleCrypto.Fakes.StubRandomPassword.InstanceObserver">
            <summary>Obtiene o establece el observador de la instancia.</summary>
        </member>
    </members>
</doc>
